{
  "EfficientNet-B4": {
    "metrics": {
      "accuracy": 0.8945093156027536,
      "qwk": 0.9060313944474842,
      "macro_f1": 0.8923271474357908,
      "precision_class_0": 0.9173081501468138,
      "recall_class_0": 0.9327039457758411,
      "f1_class_0": 0.9249419860766585,
      "precision_class_1": 0.7793345008756567,
      "recall_class_1": 0.8037326911499096,
      "f1_class_1": 0.7913455838767042,
      "precision_class_2": 0.8622448979591837,
      "recall_class_2": 0.7896225255133407,
      "f1_class_2": 0.8243373339323535,
      "precision_class_3": 0.9575671852899575,
      "recall_class_3": 0.9759730898606439,
      "f1_class_3": 0.9666825321275583,
      "precision_class_4": 0.9411986430456087,
      "recall_class_4": 0.9678294573643411,
      "f1_class_4": 0.9543283011656793,
      "roc_auc_ovr": 0.9768024792228266,
      "roc_auc_class_0": 0.9615594735918934,
      "roc_auc_class_1": 0.9643339589836952,
      "roc_auc_class_2": 0.959211254414385,
      "roc_auc_class_3": 0.9995827489230504,
      "roc_auc_class_4": 0.9993249602011088
    },
    "confusion_matrix": [
      [
        93.27039457758411,
        3.2276284999596547,
        3.332526426208343,
        0.016138142499798273,
        0.1533123537480836
      ],
      [
        16.45595023078467,
        80.37326911499096,
        2.8898254063816977,
        0.04013646397752358,
        0.2408187838651415
      ],
      [
        15.34489118406492,
        3.971474240747572,
        78.96225255133406,
        0.700848395426042,
        1.0205336284273945
      ],
      [
        0.2402691013935608,
        0.2402691013935608,
        0.8169149447381067,
        97.59730898606439,
        1.1052378664103797
      ],
      [
        0.4263565891472868,
        0.23255813953488372,
        1.5116279069767442,
        1.0465116279069768,
        96.78294573643412
      ]
    ],
    "checkpoint_path": "lightning_logs/version_18/checkpoints/last.ckpt",
    "gradcam_path": null
  },
  "ViT-B/16": {
    "metrics": {
      "accuracy": 0.8332354392312572,
      "qwk": 0.8455645820152404,
      "macro_f1": 0.8324587015956748,
      "precision_class_0": 0.8844859054958426,
      "recall_class_0": 0.8798111837327524,
      "f1_class_0": 0.8821423514896544,
      "precision_class_1": 0.6704460966542751,
      "recall_class_1": 0.7238611278346377,
      "f1_class_1": 0.6961304641513075,
      "precision_class_2": 0.725452445128995,
      "recall_class_2": 0.6949465142014017,
      "f1_class_2": 0.7098718914845517,
      "precision_class_3": 0.9295644114921223,
      "recall_class_3": 0.9639596347909659,
      "f1_class_3": 0.9464496343477236,
      "precision_class_4": 0.9278790228770841,
      "recall_class_4": 0.9275193798449612,
      "f1_class_4": 0.9276991665051366,
      "roc_auc_ovr": 0.9539564943129113,
      "roc_auc_class_0": 0.9295811080805229,
      "roc_auc_class_1": 0.9287847361177018,
      "roc_auc_class_2": 0.9142218199402692,
      "roc_auc_class_3": 0.9994577653071931,
      "roc_auc_class_4": 0.9977370421188695
    },
    "confusion_matrix": [
      [
        87.98111837327524,
        4.768821108690389,
        7.0160574517873,
        0.03227628499959655,
        0.20172678124747842
      ],
      [
        21.814168171784065,
        72.38611278346377,
        5.398354404976922,
        0.14047762392133253,
        0.2608870158539033
      ],
      [
        21.197590065166604,
        6.885528095413747,
        69.49465142014017,
        1.2910365178900773,
        1.1311939013894012
      ],
      [
        0.2883229216722729,
        0.5766458433445458,
        1.2493993272465163,
        96.3959634790966,
        1.4896684286400768
      ],
      [
        1.2015503875968991,
        0.7364341085271318,
        4.069767441860465,
        1.2403100775193798,
        92.75193798449612
      ]
    ],
    "checkpoint_path": "lightning_logs/version_19/checkpoints/last.ckpt",
    "gradcam_path": null
  }
}